{
  "name": "DarkFantasy_Bold",
  "type": "sdf",
  "spread": 32,
  "atlasWidth": 4096,
  "atlasHeight": 4096,
  "lineHeight": 345,
  "baseline": 288,
  "characters": {
    "48": {
      "u": 0.0009765625,
      "v": 0.0009765625,
      "u2": 0.043212890625,
      "v2": 0.0712890625,
      "width": 173,
      "height": 288,
      "xOffset": 0,
      "yOffset": 0,
      "xAdvance": 175,
      "char": "0"
    },
    "49": {
      "u": 0.044189453125,
      "v": 0.0009765625,
      "u2": 0.07275390625,
      "v2": 0.0712890625,
      "width": 117,
      "height": 288,
      "xOffset": 0,
      "yOffset": 0,
      "xAdvance": 119,
      "char": "1"
    },
    "50": {
      "u": 0.07373046875,
      "v": 0.0009765625,
      "u2": 0.114501953125,
      "v2": 0.0712890625,
      "width": 167,
      "height": 288,
      "xOffset": 0,
      "yOffset": 0,
      "xAdvance": 169,
      "char": "2"
    },
    "51": {
      "u": 0.115478515625,
      "v": 0.0009765625,
      "u2": 0.15283203125,
      "v2": 0.0712890625,
      "width": 153,
      "height": 288,
      "xOffset": 0,
      "yOffset": 0,
      "xAdvance": 155,
      "char": "3"
    },
    "52": {
      "u": 0.15380859375,
      "v": 0.0009765625,
      "u2": 0.194580078125,
      "v2": 0.0712890625,
      "width": 167,
      "height": 288,
      "xOffset": 0,
      "yOffset": 0,
      "xAdvance": 169,
      "char": "4"
    },
    "53": {
      "u": 0.195556640625,
      "v": 0.0009765625,
      "u2": 0.232666015625,
      "v2": 0.0712890625,
      "width": 152,
      "height": 288,
      "xOffset": 0,
      "yOffset": 0,
      "xAdvance": 154,
      "char": "5"
    },
    "54": {
      "u": 0.233642578125,
      "v": 0.0009765625,
      "u2": 0.27490234375,
      "v2": 0.0712890625,
      "width": 169,
      "height": 288,
      "xOffset": 0,
      "yOffset": 0,
      "xAdvance": 171,
      "char": "6"
    },
    "55": {
      "u": 0.27587890625,
      "v": 0.0009765625,
      "u2": 0.3125,
      "v2": 0.0712890625,
      "width": 150,
      "height": 288,
      "xOffset": 0,
      "yOffset": 0,
      "xAdvance": 152,
      "char": "7"
    },
    "56": {
      "u": 0.3134765625,
      "v": 0.0009765625,
      "u2": 0.35302734375,
      "v2": 0.0712890625,
      "width": 162,
      "height": 288,
      "xOffset": 0,
      "yOffset": 0,
      "xAdvance": 164,
      "char": "8"
    },
    "57": {
      "u": 0.35400390625,
      "v": 0.0009765625,
      "u2": 0.395263671875,
      "v2": 0.0712890625,
      "width": 169,
      "height": 288,
      "xOffset": 0,
      "yOffset": 0,
      "xAdvance": 171,
      "char": "9"
    },
    "58": {
      "u": 0.396240234375,
      "v": 0.0009765625,
      "u2": 0.41552734375,
      "v2": 0.0712890625,
      "width": 79,
      "height": 288,
      "xOffset": 0,
      "yOffset": 0,
      "xAdvance": 81,
      "char": ":"
    },
    "44": {
      "u": 0.41650390625,
      "v": 0.0009765625,
      "u2": 0.4365234375,
      "v2": 0.0712890625,
      "width": 82,
      "height": 288,
      "xOffset": 0,
      "yOffset": 0,
      "xAdvance": 84,
      "char": ","
    },
    "33": {
      "u": 0.4375,
      "v": 0.0009765625,
      "u2": 0.45947265625,
      "v2": 0.0712890625,
      "width": 90,
      "height": 288,
      "xOffset": 0,
      "yOffset": 0,
      "xAdvance": 92,
      "char": "!"
    },
    "45": {
      "u": 0.46044921875,
      "v": 0.0009765625,
      "u2": 0.48828125,
      "v2": 0.0712890625,
      "width": 114,
      "height": 288,
      "xOffset": 0,
      "yOffset": 0,
      "xAdvance": 116,
      "char": "-"
    },
    "97": {
      "u": 0.4892578125,
      "v": 0.0009765625,
      "u2": 0.5341796875,
      "v2": 0.0712890625,
      "width": 184,
      "height": 288,
      "xOffset": 0,
      "yOffset": 0,
      "xAdvance": 186,
      "char": "a"
    },
    "98": {
      "u": 0.53515625,
      "v": 0.0009765625,
      "u2": 0.574951171875,
      "v2": 0.0712890625,
      "width": 163,
      "height": 288,
      "xOffset": 0,
      "yOffset": 0,
      "xAdvance": 165,
      "char": "b"
    },
    "99": {
      "u": 0.575927734375,
      "v": 0.0009765625,
      "u2": 0.619873046875,
      "v2": 0.0712890625,
      "width": 180,
      "height": 288,
      "xOffset": 0,
      "yOffset": 0,
      "xAdvance": 182,
      "char": "c"
    },
    "100": {
      "u": 0.620849609375,
      "v": 0.0009765625,
      "u2": 0.668212890625,
      "v2": 0.0712890625,
      "width": 194,
      "height": 288,
      "xOffset": 0,
      "yOffset": 0,
      "xAdvance": 196,
      "char": "d"
    },
    "101": {
      "u": 0.669189453125,
      "v": 0.0009765625,
      "u2": 0.70703125,
      "v2": 0.0712890625,
      "width": 155,
      "height": 288,
      "xOffset": 0,
      "yOffset": 0,
      "xAdvance": 157,
      "char": "e"
    },
    "102": {
      "u": 0.7080078125,
      "v": 0.0009765625,
      "u2": 0.744140625,
      "v2": 0.0712890625,
      "width": 148,
      "height": 288,
      "xOffset": 0,
      "yOffset": 0,
      "xAdvance": 150,
      "char": "f"
    },
    "103": {
      "u": 0.7451171875,
      "v": 0.0009765625,
      "u2": 0.79150390625,
      "v2": 0.0712890625,
      "width": 190,
      "height": 288,
      "xOffset": 0,
      "yOffset": 0,
      "xAdvance": 192,
      "char": "g"
    },
    "104": {
      "u": 0.79248046875,
      "v": 0.0009765625,
      "u2": 0.83984375,
      "v2": 0.0712890625,
      "width": 194,
      "height": 288,
      "xOffset": 0,
      "yOffset": 0,
      "xAdvance": 196,
      "char": "h"
    },
    "105": {
      "u": 0.8408203125,
      "v": 0.0009765625,
      "u2": 0.8671875,
      "v2": 0.0712890625,
      "width": 108,
      "height": 288,
      "xOffset": 0,
      "yOffset": 0,
      "xAdvance": 110,
      "char": "i"
    },
    "106": {
      "u": 0.8681640625,
      "v": 0.0009765625,
      "u2": 0.894287109375,
      "v2": 0.0712890625,
      "width": 107,
      "height": 288,
      "xOffset": 0,
      "yOffset": 0,
      "xAdvance": 109,
      "char": "j"
    },
    "107": {
      "u": 0.895263671875,
      "v": 0.0009765625,
      "u2": 0.93994140625,
      "v2": 0.0712890625,
      "width": 183,
      "height": 288,
      "xOffset": 0,
      "yOffset": 0,
      "xAdvance": 185,
      "char": "k"
    },
    "108": {
      "u": 0.94091796875,
      "v": 0.0009765625,
      "u2": 0.9775390625,
      "v2": 0.0712890625,
      "width": 150,
      "height": 288,
      "xOffset": 0,
      "yOffset": 0,
      "xAdvance": 152,
      "char": "l"
    },
    "109": {
      "u": 0.0009765625,
      "v": 0.072265625,
      "u2": 0.055419921875,
      "v2": 0.142578125,
      "width": 223,
      "height": 288,
      "xOffset": 0,
      "yOffset": 0,
      "xAdvance": 225,
      "char": "m"
    },
    "110": {
      "u": 0.056396484375,
      "v": 0.072265625,
      "u2": 0.10546875,
      "v2": 0.142578125,
      "width": 201,
      "height": 288,
      "xOffset": 0,
      "yOffset": 0,
      "xAdvance": 203,
      "char": "n"
    },
    "111": {
      "u": 0.1064453125,
      "v": 0.072265625,
      "u2": 0.155517578125,
      "v2": 0.142578125,
      "width": 201,
      "height": 288,
      "xOffset": 0,
      "yOffset": 0,
      "xAdvance": 203,
      "char": "o"
    },
    "112": {
      "u": 0.156494140625,
      "v": 0.072265625,
      "u2": 0.195068359375,
      "v2": 0.142578125,
      "width": 158,
      "height": 288,
      "xOffset": 0,
      "yOffset": 0,
      "xAdvance": 160,
      "char": "p"
    },
    "113": {
      "u": 0.196044921875,
      "v": 0.072265625,
      "u2": 0.265625,
      "v2": 0.142578125,
      "width": 285,
      "height": 288,
      "xOffset": 0,
      "yOffset": 0,
      "xAdvance": 287,
      "char": "q"
    },
    "114": {
      "u": 0.2666015625,
      "v": 0.072265625,
      "u2": 0.3115234375,
      "v2": 0.142578125,
      "width": 184,
      "height": 288,
      "xOffset": 0,
      "yOffset": 0,
      "xAdvance": 186,
      "char": "r"
    },