{
  "name": "DarkFantasy_Regular",
  "type": "sdf",
  "spread": 32,
  "atlasWidth": 4096,
  "atlasHeight": 4096,
  "lineHeight": 345,
  "baseline": 288,
  "characters": {
    "48": {
      "u": 0.0009765625,
      "v": 0.0009765625,
      "u2": 0.04052734375,
      "v2": 0.0712890625,
      "width": 162,
      "height": 288,
      "xOffset": 0,
      "yOffset": 0,
      "xAdvance": 164,
      "char": "0"
    },
    "49": {
      "u": 0.04150390625,
      "v": 0.0009765625,
      "u2": 0.067626953125,
      "v2": 0.0712890625,
      "width": 107,
      "height": 288,
      "xOffset": 0,
      "yOffset": 0,
      "xAdvance": 109,
      "char": "1"
    },
    "50": {
      "u": 0.068603515625,
      "v": 0.0009765625,
      "u2": 0.105712890625,
      "v2": 0.0712890625,
      "width": 152,
      "height": 288,
      "xOffset": 0,
      "yOffset": 0,
      "xAdvance": 154,
      "char": "2"
    },
    "51": {
      "u": 0.106689453125,
      "v": 0.0009765625,
      "u2": 0.14111328125,
      "v2": 0.0712890625,
      "width": 141,
      "height": 288,
      "xOffset": 0,
      "yOffset": 0,
      "xAdvance": 143,
      "char": "3"
    },
    "52": {
      "u": 0.14208984375,
      "v": 0.0009765625,
      "u2": 0.1806640625,
      "v2": 0.0712890625,
      "width": 158,
      "height": 288,
      "xOffset": 0,
      "yOffset": 0,
      "xAdvance": 160,
      "char": "4"
    },
    "53": {
      "u": 0.181640625,
      "v": 0.0009765625,
      "u2": 0.2158203125,
      "v2": 0.0712890625,
      "width": 140,
      "height": 288,
      "xOffset": 0,
      "yOffset": 0,
      "xAdvance": 142,
      "char": "5"
    },
    "54": {
      "u": 0.216796875,
      "v": 0.0009765625,
      "u2": 0.25439453125,
      "v2": 0.0712890625,
      "width": 154,
      "height": 288,
      "xOffset": 0,
      "yOffset": 0,
      "xAdvance": 156,
      "char": "6"
    },
    "55": {
      "u": 0.25537109375,
      "v": 0.0009765625,
      "u2": 0.289794921875,
      "v2": 0.0712890625,
      "width": 141,
      "height": 288,
      "xOffset": 0,
      "yOffset": 0,
      "xAdvance": 143,
      "char": "7"
    },
    "56": {
      "u": 0.290771484375,
      "v": 0.0009765625,
      "u2": 0.327880859375,
      "v2": 0.0712890625,
      "width": 152,
      "height": 288,
      "xOffset": 0,
      "yOffset": 0,
      "xAdvance": 154,
      "char": "8"
    },
    "57": {
      "u": 0.328857421875,
      "v": 0.0009765625,
      "u2": 0.3662109375,
      "v2": 0.0712890625,
      "width": 153,
      "height": 288,
      "xOffset": 0,
      "yOffset": 0,
      "xAdvance": 155,
      "char": "9"
    },
    "58": {
      "u": 0.3671875,
      "v": 0.0009765625,
      "u2": 0.384765625,
      "v2": 0.0712890625,
      "width": 72,
      "height": 288,
      "xOffset": 0,
      "yOffset": 0,
      "xAdvance": 74,
      "char": ":"
    },
    "44": {
      "u": 0.3857421875,
      "v": 0.0009765625,
      "u2": 0.4033203125,
      "v2": 0.0712890625,
      "width": 72,
      "height": 288,
      "xOffset": 0,
      "yOffset": 0,
      "xAdvance": 74,
      "char": ","
    },
    "33": {
      "u": 0.404296875,
      "v": 0.0009765625,
      "u2": 0.42431640625,
      "v2": 0.0712890625,
      "width": 82,
      "height": 288,
      "xOffset": 0,
      "yOffset": 0,
      "xAdvance": 84,
      "char": "!"
    },
    "45": {
      "u": 0.42529296875,
      "v": 0.0009765625,
      "u2": 0.453125,
      "v2": 0.0712890625,
      "width": 114,
      "height": 288,
      "xOffset": 0,
      "yOffset": 0,
      "xAdvance": 116,
      "char": "-"
    },
    "97": {
      "u": 0.4541015625,
      "v": 0.0009765625,
      "u2": 0.49755859375,
      "v2": 0.0712890625,
      "width": 178,
      "height": 288,
      "xOffset": 0,
      "yOffset": 0,
      "xAdvance": 180,
      "char": "a"
    },
    "98": {
      "u": 0.49853515625,
      "v": 0.0009765625,
      "u2": 0.536376953125,
      "v2": 0.0712890625,
      "width": 155,
      "height": 288,
      "xOffset": 0,
      "yOffset": 0,
      "xAdvance": 157,
      "char": "b"
    },
    "99": {
      "u": 0.537353515625,
      "v": 0.0009765625,
      "u2": 0.58251953125,
      "v2": 0.0712890625,
      "width": 185,
      "height": 288,
      "xOffset": 0,
      "yOffset": 0,
      "xAdvance": 187,
      "char": "c"
    },
    "100": {
      "u": 0.58349609375,
      "v": 0.0009765625,
      "u2": 0.631591796875,
      "v2": 0.0712890625,
      "width": 197,
      "height": 288,
      "xOffset": 0,
      "yOffset": 0,
      "xAdvance": 199,
      "char": "d"
    },
    "101": {
      "u": 0.632568359375,
      "v": 0.0009765625,
      "u2": 0.669189453125,
      "v2": 0.0712890625,
      "width": 150,
      "height": 288,
      "xOffset": 0,
      "yOffset": 0,
      "xAdvance": 152,
      "char": "e"
    },
    "102": {
      "u": 0.670166015625,
      "v": 0.0009765625,
      "u2": 0.70556640625,
      "v2": 0.0712890625,
      "width": 145,
      "height": 288,
      "xOffset": 0,
      "yOffset": 0,
      "xAdvance": 147,
      "char": "f"
    },
    "103": {
      "u": 0.70654296875,
      "v": 0.0009765625,
      "u2": 0.753662109375,
      "v2": 0.0712890625,
      "width": 193,
      "height": 288,
      "xOffset": 0,
      "yOffset": 0,
      "xAdvance": 195,
      "char": "g"
    },
    "104": {
      "u": 0.754638671875,
      "v": 0.0009765625,
      "u2": 0.802001953125,
      "v2": 0.0712890625,
      "width": 194,
      "height": 288,
      "xOffset": 0,
      "yOffset": 0,
      "xAdvance": 196,
      "char": "h"
    },
    "105": {
      "u": 0.802978515625,
      "v": 0.0009765625,
      "u2": 0.82861328125,
      "v2": 0.0712890625,
      "width": 105,
      "height": 288,
      "xOffset": 0,
      "yOffset": 0,
      "xAdvance": 107,
      "char": "i"
    },
    "106": {
      "u": 0.82958984375,
      "v": 0.0009765625,
      "u2": 0.85400390625,
      "v2": 0.0712890625,
      "width": 100,
      "height": 288,
      "xOffset": 0,
      "yOffset": 0,
      "xAdvance": 102,
      "char": "j"
    },
    "107": {
      "u": 0.85498046875,
      "v": 0.0009765625,
      "u2": 0.896240234375,
      "v2": 0.0712890625,
      "width": 169,
      "height": 288,
      "xOffset": 0,
      "yOffset": 0,
      "xAdvance": 171,
      "char": "k"
    },
    "108": {
      "u": 0.897216796875,
      "v": 0.0009765625,
      "u2": 0.933349609375,
      "v2": 0.0712890625,
      "width": 148,
      "height": 288,
      "xOffset": 0,
      "yOffset": 0,
      "xAdvance": 150,
      "char": "l"
    },
    "109": {
      "u": 0.934326171875,
      "v": 0.0009765625,
      "u2": 0.98876953125,
      "v2": 0.0712890625,
      "width": 223,
      "height": 288,
      "xOffset": 0,
      "yOffset": 0,
      "xAdvance": 225,
      "char": "m"
    },
    "110": {
      "u": 0.0009765625,
      "v": 0.072265625,
      "u2": 0.05029296875,
      "v2": 0.142578125,
      "width": 202,
      "height": 288,
      "xOffset": 0,
      "yOffset": 0,
      "xAdvance": 204,
      "char": "n"
    },
    "111": {
      "u": 0.05126953125,
      "v": 0.072265625,
      "u2": 0.10009765625,
      "v2": 0.142578125,
      "width": 200,
      "height": 288,
      "xOffset": 0,
      "yOffset": 0,
      "xAdvance": 202,
      "char": "o"
    },
    "112": {
      "u": 0.10107421875,
      "v": 0.072265625,
      "u2": 0.13818359375,
      "v2": 0.142578125,
      "width": 152,
      "height": 288,
      "xOffset": 0,
      "yOffset": 0,
      "xAdvance": 154,
      "char": "p"
    },
    "113": {
      "u": 0.13916015625,
      "v": 0.072265625,
      "u2": 0.21044921875,
      "v2": 0.142578125,
      "width": 292,
      "height": 288,
      "xOffset": 0,
      "yOffset": 0,
      "xAdvance": 294,
      "char": "q"
    },
    "114": {
      "u": 0.21142578125,
      "v": 0.072265625,
      "u2": 0.253173828125,
      "v2": 0.142578125,
      "width": 171,
      "height": 288,
      "xOffset": 0,
      "yOffset": 0,
      "xAdvance": 173,